,val_acc,val_auc,val_f1,test_acc,test_auc,test_f1
Baseline1,0.8582214765100671,0.7699598410287355,0.6515463917525772,0.8548657718120806,0.7840731920783212,0.6679462571976968
Baseline2,0.8666107382550335,0.7880043280134834,0.6774847870182557,0.8758389261744967,0.8110317314933545,0.7131782945736432
Baseline3,0.87751677852349,0.8118853908737177,0.7103174603174603,0.8850671140939598,0.8210071034581018,0.7318982387475538
Baseline4,0.9035234899328859,0.8058906760440292,0.7392290249433107,0.9060402684563759,0.8196698622051249,0.7586206896551724
Baseline5,0.9119127516778524,0.8422751201647974,0.7789473684210526,0.910234899328859,0.8452728419938532,0.7829614604462475
Baseline6,0.9203020134228188,0.8433904159470651,0.7930283224400871,0.9253355704697986,0.8630660886202195,0.8172484599589322
